<!DOCTYPE beans PUBLIC "-//SPRING//DTD BEAN//EN" "http://www.springframework.org/dtd/spring-beans.dtd">
<beans>
	<!-- DAO -->
	<bean id="publicresourcewrite_doctor_team_r_dao_bean" class="publicresourcewrite.code.dao.Doctor_Team_R_DAO_Impl">
		<property name="sqlMapClient">
			<ref bean="sqlmapclient_bean" />
		</property>
		<property name="dataSource">
			<ref bean="mysql_datasource_bean" />
		</property>
	</bean>
		
	<!-- BO -->
	<bean id="publicresourcewrite_doctor_team_r_bo_bean" class="publicresourcewrite.code.bo.Doctor_Team_R_BO_Impl">
		<property name="dao">
			<ref bean="publicresourcewrite_doctor_team_r_dao_bean" />
		</property>
	</bean> 
	<!-- 为BO事务代理 -->
	<bean id="publicresourcewrite_doctor_team_r_proxy_bean" parent="transaction_proxy_bean">
	  	<property name="transactionManager">
	  		<ref bean="mysql_transactionManager_bean" />
	  	</property>
	  	<property name="target">
		  	<ref bean="publicresourcewrite_doctor_team_r_bo_bean"/>
	  	</property>
	  	 
  	</bean>
  	
  	
	<!-- Service -->
	<bean id="publicresourcewrite_doctor_team_r_service_bean" class="publicresourcewrite.code.service.Doctor_Team_R_Service_Impl">
		<property name="bo">
			<ref bean="publicresourcewrite_doctor_team_r_proxy_bean" />
		</property>
		<property name="dao">
			<ref bean="publicresourcewrite_doctor_team_r_dao_bean" />
		</property>
	</bean>
	
	<!-- 对外接口 -->
	<bean id="i_publicresourcewrite_doctor_team_r_service"
		class="org.springframework.remoting.caucho.HessianServiceExporter">
		<property name="service">
			<ref bean="publicresourcewrite_doctor_team_r_service_bean" />
		</property>
		<property name="serviceInterface" value="publicresourcewrite.code.service.IService">
		</property>
	</bean>
	
</beans>